policy,country_code,start_date,end_date,category,description,source_url,verified
nine_euro,DE,2022-06-01,2022-08-31,treatment,"9-Euro-Ticket: EUR 9 per month for local and regional public transport, valid June, July and August 2022.",https://www.bundesregierung.de/breg-de/aktuelles/9-euro-ticket-2028756,true
tankrabatt,DE,2022-06-01,2022-08-31,fuel_price,"Energiesteuersenkung (Tankrabatt): energy tax on petrol cut by 29.55 ct/l and on diesel by 14.04 ct/l, for three months from 1 June 2022.",https://www.bundesregierung.de/breg-de/aktuelles/faq-energiesteuersenkung-2049702,true
deutschlandticket,DE,2023-05-01,,treatment,"Deutschlandticket introduced on 1 May 2023 (EUR 49 per month at launch); nationwide local and regional public transport.",https://de.wikipedia.org/wiki/Deutschlandticket,true
deutschlandticket_price_49,DE,2023-05-01,2024-12-31,treatment,"Deutschlandticket price EUR 49 per month from launch until the 2025 increase.",https://de.wikipedia.org/wiki/Deutschlandticket,true
deutschlandticket_price_58,DE,2025-01-01,2025-12-31,treatment,"Deutschlandticket price EUR 58 per month from 1 January 2025.",https://www.auto-motor-und-sport.de/verkehr/deutschlandticket-49-euro-ticket-nachfolger-9-fuer-90-ticket-9-euro-ticket-oepnv-fragen-antworten/,true
deutschlandticket_price_63,DE,2026-01-01,,treatment,"Deutschlandticket price EUR 63 per month since January 2026 (outside the 2018-2025 analysis window).",https://www.bundesregierung.de/breg-de/aktuelles/deutschlandticket-2134074,true
remise_carburant_18ct,FR,2022-04-01,2022-08-31,fuel_price,"Remise carburant: EUR 0.18/l (TTC) at the pump, April to 31 August 2022.",https://www.lafinancepourtous.com/2022/11/14/baisse-de-la-remise-carburant-le-16-novembre-2022/,true
remise_carburant_30ct,FR,2022-09-01,2022-11-15,fuel_price,"Remise carburant: EUR 0.30/l, 1 September to 15 November 2022 (originally planned to end 31 October).",https://www.lafinancepourtous.com/2022/11/14/baisse-de-la-remise-carburant-le-16-novembre-2022/,true
remise_carburant_10ct,FR,2022-11-16,2022-12-31,fuel_price,"Remise carburant: EUR 0.10/l, 16 November to 31 December 2022.",https://www.lafinancepourtous.com/2022/11/14/baisse-de-la-remise-carburant-le-16-novembre-2022/,true
fuel_vat_8pct,PL,2022-02-01,2022-12-31,fuel_price,"Anti-Inflation Shield: VAT on motor fuels cut from 23% to 8% from 1 February 2022 (start: Roedl & Partner, roedl.pl); extended to 31 December 2022 (this source, 24 Oct 2022).","https://ksiegowosc.infor.pl/wiadomosci/5598127,tarcza-antyinflacyjna-do-konca-2022-roku-zmiany-w-CIT-od-2023-roku.html",true
fuel_excise_cut_full,NL,2022-04-01,2023-06-30,fuel_price,"Excise cut from 1 April 2022: petrol -17.3 ct/l, diesel -11.1 ct/l, LPG -4.1 ct/l; extended from end-2022 to 1 July 2023.",https://topgear.nl/autonieuws/tanken-wordt-duurder-vanaf-1-juli/,true
fuel_excise_cut_half,NL,2023-07-01,,fuel_price,"From 1 July 2023 the excise cut was halved (petrol 8.65 ct/l, diesel 5.55 ct/l). Start verified; end date NOT verified (reports say reduced rates were kept in later years).",https://topgear.nl/autonieuws/tanken-wordt-duurder-vanaf-1-juli/,false
fuel_excise_cut_17_5ct,BE,2022-03-19,2023-03-31,fuel_price,"Special excise on petrol and diesel cut so pump prices fall by 17.5 ct/l, in force from Saturday 19 March 2022 (VRT). Extended 'until March' 2023 with a ratchet (cliquet) that restores excise as prices fall (La Libre, 1 Sep 2022). End date 2023-03-31 NOT verified.",https://www.vrt.be/vrtnws/en/2022/03/18/big-fall-in-the-price-of-petrol-and-diesel/,false
fuel_excise_cut_petrol_diesel,CZ,2022-06-01,2022-09-30,fuel_price,"Excise on petrol and diesel temporarily reduced by CZK 1.50/l, 1 June to 30 September 2022.",https://www.grantthornton.cz/en/news/reduction-of-excise-tax-on-petrol-and-diesel-by-czk-1-50-per-litre/,true
fuel_excise_cut_diesel,CZ,2022-10-01,2023-07-31,fuel_price,"Diesel only: reduced excise kept after 30 Sep 2022 (petrol returned to CZK 12.84/l; Grant Thornton, 6 Oct 2022); original diesel rate restored from 1 August 2023 (this source, 31 Jul 2023).",https://english.radio.cz/node/8790177,true
pendlerpauschale_plus50,AT,2022-05-01,2023-06-30,other,"No pump-price measure: commuter allowance (Pendlerpauschale) raised by 50% and Pendlereuro quadrupled, May 2022 to 30 June 2023 (income-tax relief, not a fuel price cut).",https://www.wko.at/lohnverrechnung/pendlerpauschale-faq,true
fuel_price_measure_none_found,AT,,,fuel_price,"No national fuel-tax or pump-price cut found in searches on 2026-10-02 (Austria used the commuter allowance instead). Absence not confirmed by a primary source.",,false
fuel_price_measure_none_found,CH,,,fuel_price,"Federal Council saw 'no immediate need for measures' against high energy/fuel prices (19 May 2022); no fuel-tax cut found.",https://www.nau.ch/news/schweiz/bundesrat-lehnt-sofortmassnahmen-gegen-gestiegene-energiepreise-ab-66182097,true
klimaticket_oe,AT,2021-10-26,,transit,"KlimaTicket Oesterreich (nationwide annual public transport pass) valid from 26 October 2021.",https://www.land-oberoesterreich.gv.at/266634.htm,true
fare_discount_75pct,CZ,2018-09-01,2022-03-31,transit,"State 75% fare discount on trains and buses for children, students up to 26 and seniors over 65. End verified (cut to 50% from 1 April 2022); start 2018-09-01 NOT verified from a fetched page.",https://cnn.iprima.cz/seniorum-a-studentum-se-cesta-prodrazi-v-patek-se-snizi-slevy-na-jizdne-88824,false
fare_discount_50pct,CZ,2022-04-01,,transit,"State fare discount reduced from 75% to 50% from Friday 1 April 2022 (children, students up to 26, seniors over 65).",https://cnn.iprima.cz/seniorum-a-studentum-se-cesta-prodrazi-v-patek-se-snizi-slevy-na-jizdne-88824,true
pass_rail,FR,2024-07-01,2024-08-31,transit,"Pass Rail: EUR 49/month unlimited TER and Intercites for ages 16-27, travel 1 July to 31 August 2024.",https://www.letudiant.fr/lifestyle/le-pass-rail-en-cinq-questions.html,true
national_flat_ticket_none_found,BE,,,transit,"No affordable nationwide public transport ticket (< EUR 3/day) as of 4 May 2023 per Greenpeace CEE ranking (only LU, MT, AT, DE, HU); regional offers not covered.",https://greenpeace.org/static/planet4-denmark-stateless/2023/05/37ec0b09-international-pressemeddelelse_climate-ticket_ranking.pdf,true
national_flat_ticket_none_found,NL,,,transit,"No affordable nationwide public transport ticket (< EUR 3/day) as of 4 May 2023 per Greenpeace CEE ranking; regional offers not covered.",https://greenpeace.org/static/planet4-denmark-stateless/2023/05/37ec0b09-international-pressemeddelelse_climate-ticket_ranking.pdf,true
national_flat_ticket_none_found,CH,,,transit,"No affordable nationwide public transport ticket (< EUR 3/day) as of 4 May 2023 per Greenpeace CEE ranking; regional offers not covered.",https://greenpeace.org/static/planet4-denmark-stateless/2023/05/37ec0b09-international-pressemeddelelse_climate-ticket_ranking.pdf,true
national_flat_ticket_none_found,PL,,,transit,"No affordable nationwide public transport ticket (< EUR 3/day) as of 4 May 2023 per Greenpeace CEE ranking; regional offers not covered.",https://greenpeace.org/static/planet4-denmark-stateless/2023/05/37ec0b09-international-pressemeddelelse_climate-ticket_ranking.pdf,true
